{
  "generator-jhipster": {
    "applicationType": "monolith",
    "gitCompany": "",
    "baseName": "jhipsterSampleApplication",
    "packageName": "io.github.jhipster.application",
    "packageFolder": "io/github/jhipster/application",
    "serverPort": 8080,
    "serviceDiscoveryType": false,
    "authenticationType": "jwt",
    "uaaBaseName": "../uaa",
    "cacheProvider": "ehcache",
    "enableHibernateCache": true,
    "websocket": false,
    "databaseType": "sql",
    "devDatabaseType": "h2Disk",
    "prodDatabaseType": "mysql",
    "searchEngine": false,
    "enableSwaggerCodegen": false,
    "messageBroker": false,
    "buildTool": "maven",
    "useSass": false,
    "clientPackageManager": "npm",
    "testFrameworks": [],
    "enableTranslation": false,
    "nativeLanguage": "en",
    "languages": [
      "en"
    ],
    "clientFramework": "react",
    "jhiPrefix": "jhi",
    "jhipsterVersion": "5.7.0",
    "jwtSecretKey": "ZWZjN2JmNGQ0MDA1YzY0ZjY0YzM4ZmU1ZmY0NGViNzI2ZjlkODY5YmE4NGMwOGFjZjI2NGNlZWVhNDY1N2MxOWVkMTg1YTk0MGNhMTgzODZkMWFlNTIzOWNlOTViY2VlMjY4NmM2ZjkxMTNlOTRiMTUyYzFiZjk1ZThhZDNhNjY=",
    "otherModules": []
  }
}